ConstituentID,TermID
7162,2028052
52506,2028052
4414,2028051
4314,2028051
300658,2028050
300658,2028052
268003,2028050
311850,2028050
8828,2028050
8828,2028052
8390,2028052
4606,2028050
334910,2028052
334910,2028099
306669,2028050
330081,2028050
7454,2028050
7454,2028051
7454,2028052
8290,2028050
8290,2028052
284983,2028052
18861,2028050
2502,2028051
8075,2028052
308189,2028050
341319,2028050
272832,2028050
8098,2028052
291853,2028052
288836,2028050
3186,2028052
8851,2028052
8367,2028052
7975,2028052
8659,2028052
8267,2028052
8951,2028050
326520,2028050
326520,2028052
304880,2028050
8559,2028052
297157,2028050
7992,2028052
8015,2028052
7706,2028052
8207,2028052
8184,2028052
321508,2028050
4981,2028050
4981,2028052
7514,2028052
3753,2028051
376424,2028050
2233,2028050
2233,2028052
375680,2028050
366082,2028050
313954,2028050
292514,2028050
298846,2028050
15546,2028050
22708,2028051
345089,2028050
281843,2028050
8576,2028052
19313,2028050
8599,2028052
8642,2028052
8450,2028050
8450,2028052
8768,2028052
2711,2028051
18294,2028051
7623,2028052
32117,2028052
8158,2028052
8181,2028052
268504,2028051
1188,2028050
1188,2028052
7640,2028052
7540,2028052
19588,2028050
19047,2028050
296599,2028050
2685,2028051
300134,2028050
4600,2028050
4354,2028050
4354,2028051
7789,2028052
7248,2028052
7391,2028052
7932,2028050
7932,2028052
2167,2028051
4331,2028051
376533,2028050
2459,2028050
2708,2028051
2708,2028052
2419,2028050
7374,2028052
376384,2028050
2442,2028051
8393,2028050
8393,2028052
376407,2028050
7806,2028052
7892,2028052
8284,2028052
8934,2028050
2482,2028050
2482,2028051
8433,2028050
8433,2028051
8433,2028052
19253,2028050
376367,2028050
368495,2028050
3830,2028052
15403,2028050
8785,2028052
9452,2028050
9452,2028052
1815,2028051
2811,2028052
7766,2028052
52489,2028052
4583,2028050
4583,2028052
1666,2028051
7915,2028052
8911,2028051
8519,2028052
4371,2028051
8699,2028052
3352,2028052
8307,2028052
343735,2028050
287565,2028052
7849,2028052
22104,2028050
376427,2028050
376527,2028050
2399,2028051
3604,2028052
376450,2028050
7749,2028052
328604,2028050
328604,2028051
7557,2028050
7557,2028052
19356,2028050
8141,2028052
19256,2028050
328166,2028051
323154,2028050
7457,2028050
7457,2028052
19840,2028050
297592,2028050
297592,2028052
7265,2028050
7265,2028052
282109,2028050
4288,2028050
4288,2028051
8616,2028052
52486,2028052
52572,2028052
271246,2028050
8602,2028052
8410,2028052
8310,2028052
21251,2028050
21251,2028052
8118,2028052
19379,2028050
369749,2028050
2751,2028051
8702,2028052
8516,2028052
8725,2028052
7165,2028052
8493,2028052
4271,2028051
4271,2028052
4440,2028051
4357,2028051
8685,2028052
2628,2028051
295059,2028052
7497,2028052
8533,2028052
269835,2028051
2668,2028050
2668,2028051
2668,2028052
7909,2028050
7909,2028052
7388,2028052
2691,2028051
18772,2028050
376467,2028050
25390,2028052
8101,2028050
8101,2028052
341110,2028051
8058,2028052
19631,2028050
339656,2028050
7580,2028052
266217,2028050
7474,2028050
7474,2028052
7972,2028052
366749,2028052
6853,2028050
12426,2028050
269191,2028050
295494,2028099
8373,2028052
18778,2028050
18778,2028051
8350,2028050
8350,2028052
323148,2028050
7348,2028052
7889,2028050
7889,2028052
330582,2028050
323297,2028050
7222,2028052
5207,2028052
4374,2028051
7763,2028050
7763,2028051
7763,2028052
33259,2028050
338949,2028050
7832,2028052
8994,2028052
4523,2028050
4523,2028052
8224,2028052
7371,2028052
19273,2028050
376198,2028050
18981,2028050
277681,2028099
2728,2028051
7683,2028052
20919,27022
8201,2028052
7998,2028052
312534,2028050
7597,2028052
7205,2028052
7700,2028050
7700,2028052
7245,2028052
376324,2028050
8742,2028052
314329,2028050
8476,2028052
19296,2028050
1858,2028051
4563,2028050
274389,2028050
274389,2028051
280638,2028050
7331,2028052
17759,2028050
268979,2028050
268979,2028052
371369,2028050
3544,2028052
7872,2028052
7182,2028052
4506,2028051
8751,2028052
8728,2028050
8728,2028052
1758,2028052
4337,2028051
8920,2028051
8943,2028051
4406,2028051
7546,2028052
20281,2028050
20281,2028051
3278,2028052
7254,2028052
8582,2028052
7646,2028052
8482,2028052
376416,2028050
335294,2028051
4798,2028050
4798,2028051
7354,2028050
7354,2028052
8359,2028052
311129,2028052
310468,2028050
318099,2028050
1881,2028052
2694,2028051
286472,2028050
286472,2028052
19322,2028050
9043,2028050
8651,2028052
8167,2028052
8459,2028052
8067,2028052
269048,2028052
10815,2028052
283180,2028050
13640,2028052
8376,2028050
8376,2028052
300143,2028050
290087,2028052
376499,2028050
2342,2028050
2342,2028051
331318,2028052
3361,2028050
3361,2028052
15561,2028050
8090,2028052
19305,2028050
19305,2028052
4589,2028050
8834,2028052
7792,2028052
376393,2028050
269546,2028050
7185,2028052
8513,2028052
2748,2028051
4437,2028051
4291,2028051
15506,2028050
365876,2028052
4560,2028050
8244,2028052
7308,2028050
7308,2028052
7208,2028052
8536,2028052
7600,2028052
8682,2028052
8436,2028052
10010,2028052
52552,2028052
7577,2028052
2479,2028050
2479,2028051
4852,8790
19459,2028050
2671,2028051
6601,2028051
1812,2028051
17962,2028051
20212,2028050
20212,2028052
376447,2028050
283048,2028099
7769,2028052
19628,2028050
7477,2028052
19067,2028050
19376,2028050
8038,2028052
22101,2028050
22101,2028052
274097,2028050
4835,2028052
7537,2028050
7537,2028052
7560,2028052
7952,2028052
2688,2028051
8144,2028052
278342,2028052
7846,2028052
17879,2028051
18984,2028050
2456,2028050
8121,2028052
280867,2028099
2648,2028051
2648,2028052
5373,2028050
5373,2028051
5373,2028052
4228,2028051
4620,2028050
13617,2028052
52569,2028052
376530,2028050
2754,2028051
9097,27680
4377,2028051
8705,2028052
18901,2028050
329308,2028050
7517,2028052
19542,2028050
22459,2028051
8991,2028052
327788,2028050
8204,2028052
7686,2028052
8227,2028052
18924,2028050
8496,2028052
3564,2028051
281385,2028050
8722,2028052
7202,2028052
368292,2028052
3667,2028052
4308,2028051
277850,27139
277850,2028050
2731,2028051
19316,2028050
4543,2028050
4543,2028052
351804,2028050
52443,2028051
279639,2028050
7955,2028052
8622,2028050
8622,2028052
8055,2028052
8596,2028052
8473,2028052
19834,2028050
19293,2028050
309998,2028052
340984,2028050
3541,2028051
7328,2028052
376430,2028050
7351,2028052
8347,2028052
9890,2028052
320675,2028050
8370,2028052
4434,2028051
7852,2028052
8848,2028050
8848,2028052
7829,2028052
293453,2028050
8330,2028052
4394,2028051
3375,2028050
19299,2028050
376862,2028050
17630,2028050
17630,2028052
7743,2028052
3023,2028051
8456,2028052
371389,2028050
4520,2028050
8762,2028052
7978,2028052
281010,2028050
273021,2028099
294512,2028050
7617,2028052
19276,2028050
7225,2028052
8221,2028050
8221,2028051
8221,2028052
6833,2028050
6833,2028052
2505,2028051
19817,2028050
52575,2028052
7826,2028052
2230,2028050
2230,2028051
19210,2028050
281571,2028052
376381,2028050
2061,2028050
3750,2028052
376404,2028050
2130,2028050
2130,2028051
7703,2028052
7995,2028050
7995,2028052
7603,2028052
8287,2028050
8287,2028052
19110,2028050
19110,2028052
369726,2028052
7895,2028052
269772,2028050
330078,2028050
2837,2028052
2522,2028051
2645,2028051
22711,2028051
286423,2028052
300907,2028050
333539,2028050
4417,2028051
20069,2028050
20069,2028052
7726,2028052
7534,2028052
4225,2028051
8018,2028052
2774,2028051
4102,2028052
8748,2028052
8579,2028052
8247,2028050
8247,2028052
19854,2028050
4311,2028051
7643,2028052
8639,2028050
8639,2028052
266695,2028050
266695,2028052
8831,2028052
318823,2028050
52549,2028052
7451,2028052
8387,2028050
8387,2028052
301116,2028052
8078,2028051
8078,2028052
310748,2028099
4334,27044
4334,2028050
4334,2028051
4334,2028052
8164,2028052
8662,2028052
280283,2028050
301531,2028050
274724,2028050
52526,2028052
305667,2028050
2605,2028051
2605,2028052
19525,2028050
376487,2028050
7494,2028052
297386,2028052
8327,2028052
8914,2028050
8914,2028051
8304,2028052
282490,2028050
293997,2028050
4251,2028051
4500,2028051
9183,27022
8035,2028052
312620,2028050
376464,2028050
376364,2028050
376513,2028050
4351,2028051
376490,2028050
8453,2028052
8788,2028052
8430,2028050
8430,2028052
367456,2028052
2665,2028051
8765,2028052
7620,2028052
2565,2028050
2565,2028051
18881,2028050
8161,2028052
1818,2028050
1818,2028051
1818,2028052
341276,2028050
333845,2028050
299862,2028052
7660,2028052
8679,2028052
15509,2028050
7520,2028052
8061,2028050
8061,2028052
7142,2028052
1709,2028050
1709,2028051
1709,2028052
15532,2028050
1686,2028050
1686,2028052
1686,2028099
330370,2028050
320884,2028050
328850,2028159
7159,2028052
7746,2028052
299596,2028050
8138,2028052
330622,2028159
6618,2028050
6618,2028052
291724,2028050
23043,2028052
15901,2028099
19837,2028050
339779,2028050
7935,2028052
7786,2028052
22024,2028050
7268,2028052
7809,2028052
8413,2028052
288690,2028050
288690,2028052
4626,2028050
8954,2028050
376387,2028050
6641,27680
2313,2028052
4477,2028050
4477,2028051
8264,2028052
19625,2028050
4529,2028050
7400,2028052
282496,2028050
8774,2028052
312188,2028050
307966,2028050
307966,2028052
7500,2028052
19843,2028050
8628,2028052
8874,2028050
283993,2028052
4360,2028051
4360,2028052
7692,2028052
320893,2028099
14831,2028051
4552,2028050
7838,2028050
7838,2028052
8336,2028052
15498,2028050
7861,2028052
340206,2028051
286157,2028050
376370,2028050
2571,2028052
19820,2028050
343638,2028050
4629,2028050
7961,2028052
7569,2028050
7569,2028052
20012,2028050
1864,2028051
7815,2028052
7337,2028050
7337,2028052
52538,2028052
340060,2028050
7984,2028052
52561,2028052
8568,2028052
15538,2028050
52581,2028052
6647,2028052
15930,2028099
19282,2028050
7231,2028052
270803,2028052
8442,2028052
15512,2028050
15412,2028050
4984,27022
8542,2028050
8542,2028052
18870,2028050
5233,27022
5233,2028050
5233,2028052
5233,2028099
278683,2028050
278683,2028052
19262,2028050
329197,2028050
330525,2028159
1698,2028051
22256,2028051
321992,2028050
4566,2028050
282436,2028050
3069,8790
7483,2028052
7171,2028052
8173,2028052
7148,2028052
7271,2028099
19073,2028050
2700,2028051
4323,2028051
8024,2028052
8416,2028052
7775,2028052
8316,2028052
2216,2028050
2216,2028052
376390,2028050
332271,2028050
4340,2028051
7257,2028052
306257,2028050
4363,2028051
366967,2028050
343821,2028050
5382,2028052
7875,2028052
270754,2028050
314129,2028050
314129,2028051
7397,2028052
2843,2028051
287408,2028050
8276,2028050
8276,2028052
273193,2028099
367900,2028050
376516,2028050
19597,2028050
13646,2028052
7798,2028052
8190,2028052
7672,2028052
8668,2028052
288553,2028050
330030,2028050
8001,2028052
8150,2028052
2717,2028051
4489,2028051
6653,2028052
19488,2028050
10832,2028050
7523,2028052
376493,2028050
326423,2028050
5193,2028052
8064,2028052
3819,2028051
8256,2028050
8256,2028052
376519,2028050
8233,2028050
8233,2028052
339473,2028099
2783,2028051
7941,2028052
8041,2028052
7649,2028052
15518,2028050
324182,2028050
8502,2028052
28897,2028050
28897,2028052
19056,2028050
9192,2028050
9192,2028051
52472,2028052
279453,2028159
4572,2028050
1824,2028052
4380,2028051
8708,2028052
19279,2028050
52578,2028052
4280,2028051
4280,2028052
3012,2028050
8917,2028051
299688,2028050
8894,2028050
18804,2028050
306658,2028051
15409,2028050
19654,2028050
7357,2028050
7357,2028052
7689,2028050
7689,2028052
8293,2028052
270027,2028099
7549,2028052
8877,2028051
13354,2028052
8525,2028052
19388,2028050
344431,2028050
4071,2028051
4071,2028052
7858,2028052
4240,2028051
1715,2028052
4632,2028050
4632,2028051
7964,2028050
7964,2028052
4028,27022
327299,2028050
376542,2028050
15495,2028050
19823,2028050
7380,2028052
7772,2028050
7772,2028052
2800,2028051
277086,2028050
328026,2028050
279124,2028052
6945,2028052
8273,2028052
326529,2028050
18260,2028051
285868,2028050
339974,2028050
7855,2028052
8734,2028052
4546,2028050
4297,2028051
7214,2028052
2282,2028050
2282,2028051
2282,2028052
2282,2028099
366964,2028052
2777,2028050
2777,2028051
284348,2028050
376410,2028050
2385,2028051
275589,2028051
340266,2028050
2485,2028051
3026,2028051
7340,2028050
7340,2028052
2408,2028050
2408,2028051
2408,2028052
8124,2028052
335772,2028052
7463,2028052
7881,2028052
19365,2028050
272257,2028050
5276,2028052
7981,2028052
312440,2028050
293505,2028050
7583,2028052
1867,2028051
2651,2028051
4274,2028051
376433,2028050
1967,2028051
8608,2028052
52478,2028052
8585,2028052
313419,2028050
7566,2028052
281288,2028052
8107,2028052
13540,2028052
2674,2028051
356456,2028050
19013,2028050
8625,2028052
276419,2028050
1655,2028051
7606,2028050
7606,2028052
2634,2028051
18864,2028050
18864,2028051
340117,2028050
340117,2028051
268799,2028050
8193,2028052
272758,2028050
4446,2028051
8860,2028051
19053,2028050
3756,2028050
3756,2028051
3756,2028052
8499,2028052
7958,2028052
334793,2028051
7715,2028052
8711,2028050
8711,2028052
2760,2028050
2760,2028051
2611,2028051
6939,2028052
7480,2028052
312549,2028052
376536,2028050
1850,2028050
1850,2028051
269807,2028052
1873,2028051
7446,2028052
1681,2028050
1681,2028052
7515,2028052
7615,2028052
7638,2028052
7346,2028052
8674,2028052
7738,2028052
4598,2028050
4990,2028050
300627,2028052
4306,2028050
4306,2028051
332446,2028050
3370,2028052
9427,2028051
15521,2028050
269415,2028050
308473,2028052
2786,2028051
22139,2028052
390840,2028052
8451,2028052
8743,2028052
4429,2028051
8259,2028052
313093,2028050
52129,2028050
4621,2028050
377713,2028050
377713,2028052
4329,2028051
318944,2028050
2703,2028051
2394,2028051
2726,2028051
2225,2028051
2225,2028052
19537,2028050
6948,2028050
6948,2028052
7263,2028052
8591,2028052
2248,2028050
8199,2028052
26198,2028050
5282,2028052
5282,2028099
8282,2028052
2534,2028050
2534,2028051
7698,2028052
13649,2028052
60519,2028052
308788,2028050
308788,2028051
7529,2028052
7223,2028050
7223,2028052
4538,2028050
342416,2028051
8176,2028052
19666,2028050
19039,2028050
8368,2028052
8611,2028052
11316,2028050
11316,2028052
19231,2028050
366306,2028052
376525,2028050
52481,2028052
8465,2028052
290600,2028050
4558,2028050
4558,2028051
4558,2028052
7655,2028052
7947,2028050
7947,2028052
8285,2028052
329097,2028050
8534,2028052
19354,2028050
315257,2028050
8408,2028052
313242,2028099
7555,2028052
19457,2028050
8073,2028052
4615,2028050
5225,2028052
376376,2028050
12587,2028050
22915,2028052
7240,2028052
7867,2028052
8700,2028052
7924,2028052
13732,27022
4223,2028051
4223,2028052
300235,2028050
8159,2028052
7758,2028052
8299,2028052
2686,2028051
343209,2028052
311596,2028099
8777,2028052
8385,2028052
325459,2028052
1933,2028051
1933,2028052
9593,2028050
9593,2028052
52544,2028052
314756,2028099
8056,2028052
7884,2028052
376399,2028050
7907,2028052
7429,2028050
7429,2028052
274095,2028050
327952,2028052
18939,2028050
2560,2028051
15544,2028050
4575,2028050
8133,2028050
8133,2028052
19663,2028050
19663,2028052
8156,2028052
19540,2028050
284749,2028050
8325,2028052
8425,2028052
52464,2028052
8033,2028052
13606,2028052
2683,2028051
4349,2028051
15418,2028050
7197,2028052
4472,2028052
376419,2028050
19271,2028050
7389,2028052
7220,2028052
8694,2028052
22096,2028050
307079,2028052
4180,2028050
271722,2028159
19832,2028050
19371,2028050
329080,2028188
1724,2028050
1707,2028050
1707,2028051
1707,2028052
20015,2028051
376382,2028050
339459,2028051
7658,2028052
7466,2028050
7466,2028052
7489,2028052
17768,2028050
376459,2028050
8677,2028052
299273,2028050
8242,2028052
8050,2028050
8050,2028052
7741,2028052
288433,2028051
7764,2028052
8717,2028050
8717,2028051
8717,2028052
7180,2028052
7572,2028050
7572,2028052
17851,2028050
17851,2028051
17851,2028052
8909,2028050
4432,2028051
4432,2028052
2660,2028051
19623,2028050
307703,2028050
270185,2028052
325393,2028050
1664,2028051
4289,2028050
4289,2028051
4289,2028052
4289,2028099
4389,2028051
376402,2028050
4366,2028051
301251,2028052
8093,2028050
8093,2028052
8342,2028050
8342,2028052
3410,28630
312535,2028050
284732,2028050
7598,2028052
7847,2028052
8634,2028052
2477,2028051
322937,2028052
2643,2028051
2743,2028051
8508,2028050
8508,2028052
371527,2028050
8365,2028052
7973,2028052
363498,2028050
52570,2028052
7675,2028052
294201,2028050
7824,2028052
7967,2028052
8216,2028050
8216,2028052
18544,2028051
8116,2028052
3035,2028050
3035,2028051
3035,2028052
4555,2028050
4054,2028052
7472,2028052
8468,2028052
3536,2028052
8491,2028052
23742,2028052
52461,2028052
8986,2028050
52547,2028052
8969,2028050
7950,2028052
7449,2028052
7990,2028052
18810,2028050
376442,2028050
8076,2028052
8382,2028052
8883,2028050
7864,2028052
300859,2028052
8617,2028052
22228,2028052
19288,2028050
2368,2028051
7237,2028052
270202,2028050
317716,2028052
7707,2028052
9035,2028052
7730,2028052
376408,2028050
323756,2028099
7830,2028052
17717,2028051
7538,2028052
8935,2028050
8935,2028052
13641,2028052
7999,2028052
22254,2028052
2334,2028050
2334,2028051
2334,2028052
4498,2028051
19506,2028050
7246,2028052
303092,2028050
4398,2028051
4421,2028051
7438,2028052
18822,2028050
8643,2028052
8022,2028052
2649,2028050
2649,2028051
4521,2028050
2065,2028052
4229,2028050
4229,2028051
9788,2028050
52553,2028052
2586,2028050
2586,2028099
375864,2028050
4338,2028051
290649,2028050
311897,2028052
8251,2028052
15530,2028050
8082,2028050
8082,2028052
8391,2028050
8391,2028052
19297,2028050
2778,2028051
7455,2028052
7647,2028052
8583,2028052
274230,2028050
292538,2028051
328585,2028050
376491,2028050
323673,2028050
8666,2028052
3479,27022
3479,2028050
3479,2028051
3479,2028052
8474,2028052
288316,2028050
4773,2028051
17757,2028051
300951,2028050
7976,2028050
7976,2028052
7521,2028052
27495,2028051
8168,2028050
8168,2028052
376385,2028050
8560,2028052
370583,2028050
7329,2028050
7329,2028052
8952,2028051
8016,2028050
8016,2028052
271728,2028050
8039,2028052
7398,2028050
7398,2028052
8895,2028050
8895,2028051
326487,2028050
321532,2028052
276142,2028052
273812,2028050
1856,2028050
1856,2028051
7939,2028052
343862,2028050
343862,2028052
8434,2028052
376368,2028050
7498,2028052
2692,2028051
7767,2028052
15404,2028050
282909,2028050
2669,2028051
7916,2028052
8308,2028052
376494,2028050
320573,2028050
8457,2028052
335472,2028050
8557,2028052
7624,2028052
8165,2028052
8182,2028052
19589,2028050
7163,2028052
7664,2028052
19048,2028050
4607,2028050
4607,2028051
8769,2028052
3313,2028051
7641,2028050
7641,2028052
290254,2028050
6622,2028050
7249,2028051
7249,2028052
4355,2028050
4355,2028051
8683,2028050
8683,2028052
15513,2028050
8291,2028052
8142,2028050
8142,2028052
3854,2028052
7790,2028052
5351,2028052
15928,27022
15928,2028099
322989,2028099
331645,2028050
286295,2028050
2709,2028051
19715,2028051
26356,2028052
8268,2028052
21252,2028050
4332,2028050
4332,2028051
8660,2028050
8660,2028052
376391,2028050
8348,2028052
2752,2028051
282116,2028050
307586,2028052
8417,2028052
4272,2028051
7189,2028052
8517,2028052
8494,2028052
336142,2028050
8225,2028052
4441,2028050
4441,2028051
8686,2028050
8686,2028052
8248,2028052
4003,8790
19655,2028050
5185,2028050
5185,2028052
52556,2028052
2483,2028051
273918,2028051
4541,2028050
19363,2028050
1816,2028051
7481,2028052
8786,2028052
9453,2028050
4564,2028050
9161,27680
3980,2028052
7581,2028052
17760,2028051
24936,2028052
275123,2028050
7850,2028052
7541,2028050
7541,2028051
7541,2028052
7873,2028052
18879,2028050
18879,2028051
376451,2028050
2131,2028099
7564,2028052
19071,2028050
5248,2028099
334270,2028052
7349,2028052
269733,2028050
269733,2028051
269733,2028052
315432,2028050
8042,2028052
4020,2028051
7933,2028052
4212,8790
8125,2028052
8709,2028050
8709,2028052
52487,2028051
324406,2028050
2652,2028050
2652,2028051
2652,2028052
282408,2028050
376534,2028050
52573,2028052
4232,2028050
4232,2028051
19380,2028050
19380,2028052
4624,2028050
315993,2028051
315993,2028052
8703,2028050
8703,2028052
305047,2028052
8726,2028052
8208,2028052
8749,2028052
22981,2028052
296062,2028050
376425,2028050
330417,2028159
2735,2028051
4312,2028051
5191,2028050
5191,2028052
15470,2028050
7206,2028052
7747,2028052
292853,2028050
292853,2028051
8265,2028052
52470,2028052
269464,2028050
8477,2028050
8477,2028051
8477,2028052
270603,2028050
1859,2028051
8600,2028052
7959,2028052
8500,2028052
363567,2028052
330291,2028159
363441,2028050
8059,2028052
294642,2028050
384354,2028051
7332,2028052
7724,2028052
18261,2028051
330566,2028050
4438,2028051
8351,2028052
327148,2028050
8892,2028050
18802,2028050
4415,2028051
8374,2028052
317825,2028099
7856,2028052
4547,2028050
4547,2028052
7558,2028052
7355,2028052
8334,2028052
21813,2028052
8099,2028052
315850,2028050
8766,2028052
7833,2028052
4524,2028050
296766,2028050
296766,2028051
296766,2028052
267403,2028052
7621,2028052
7229,2028050
7229,2028052
52430,2028052
294994,2028052
276451,2028099
19821,2028052
7922,2028052
13541,2028052
369530,2028052
7899,2028052
10839,2028051
376500,2028050
3554,2028052
7607,2028052
19014,2028050
19014,2028051
2426,2028050
2426,2028052
60528,2028052
8191,2028052
304120,2028050
7799,2028052
19306,2028050
8091,2028052
4613,2028050
7530,2028052
4590,2028050
4590,2028052
8383,2028052
8835,2028052
20073,2028052
7338,2028052
4490,2028051
2741,2028051
4513,2028050
2718,2028050
2718,2028051
2449,2028052
365823,2028052
4321,2028051
7238,2028052
22715,2028050
308657,2028050
330297,2028159
1865,2028050
1865,2028051
1865,2028052
7232,2028052
7822,2028052
375747,2028052
4530,2028050
7447,2028052
8443,2028052
8775,2028052
371379,2028050
4221,2028052
8752,2028050
8752,2028052
52436,2028052
4507,2028051
8466,2028052
8944,2028050
343470,2028050
319228,2028052
1951,2028051
7215,2028052
4298,2028050
4298,2028051
4298,2028052
327824,2028050
18470,2028051
323888,2028050
7255,2028052
8360,2028052
8858,2028050
8858,2028051
19223,2028050
7839,2028052
7905,2028052
7882,2028052
6694,2028051
6694,2028099
376377,2028050
7713,2028052
282251,2028052
52522,2028052
376440,2028050
342826,2028052
8918,2028051
18805,2028050
369029,2028052
8400,2028052
8300,2028050
8300,2028052
8841,2028050
8841,2028052
8841,2028099
8377,2028052
330632,2028050
376517,2028050
2535,2028052
3863,2028051
4404,2028051
13647,2028052
8526,2028050
8526,2028052
8692,2028052
8549,2028050
8549,2028052
52519,2028052
52496,2028052
297900,2028159
318458,2028159
7195,2028052
7859,2028052
8008,2028052
271720,2028051
6654,2028052
8151,2028052
8669,2028052
7524,2028052
15496,2028050
15496,2028052
320957,2028050
8065,2028052
306493,2028052
8134,2028052
15536,2028050
7633,2028052
13607,2028052
7547,2028052
8543,2028052
4739,2028050
5234,27022
5234,2028099
8675,2028052
371193,2028050
4112,2028052
2678,2028050
2678,2028051
2678,2028052
317791,2028050
26050,2028159
7507,2028052
8174,2028052
288929,2028050
18931,2028050
2223,2028051
2223,2028052
4238,2028051
4324,2028051
4324,2028052
8566,2028052
8652,2028052
9044,2028050
2701,2028051
342700,2028050
8609,2028052
8586,2028052
269450,2028050
7212,2028052
375767,2028050
4341,2028051
15579,2028050
266848,2028050
327867,2028050
2675,2028050
2675,2028051
8440,2028052
8778,2028052
19847,2028050
7504,2028052
8340,2028052
7404,2028050
7404,2028052
8632,2028052
8878,2028051
313881,2028051
19555,2028050
19532,2028050
4633,2028050
13959,2028050
3972,2028050
3972,2028051
3972,2028052
7773,2028050
7773,2028052
376543,2028050
7381,2028052
7965,2028052
283436,2028050
7673,2028050
7673,2028052
7756,2028052
341263,2028050
7733,2028052
331153,2028050
2283,2028050
2283,2028052
22097,2028050
19263,2028050
18871,2028050
8234,2028052
15954,2028051
324183,2028050
7842,2028052
19455,2028050
7650,2028050
7650,2028052
4424,2028050
4424,2028051
8148,2028050
8148,2028052
4616,2028050
7172,2028052
3405,2028052
13982,27044
309736,2028050
2758,2028051
4381,2028051
371528,2028050
7925,2028050
7925,2028052
19372,2028050
19372,2028051
303201,2028050
13621,2028052
307678,2028050
7613,2028052
7590,2028052
8231,2028052
291199,2028052
8108,2028052
8131,2028052
19538,2028050
5283,2028052
5283,2028099
7690,2028052
9528,2028050
9528,2028099
4596,2028050
8592,2028050
8592,2028051
8592,2028052
15562,2028050
326387,2028050
2343,2028051
8626,2028052
269490,2028052
13604,2028099
2635,2028051
4447,2028051
8051,2028052
7816,2028052
376417,2028050
2761,2028051
376394,2028050
366742,2028050
8861,2028050
8861,2028051
22094,2028050
52562,2028052
294485,2028050
294485,2028052
19389,2028050
52539,2028052
3694,27022
8649,2028052
7716,2028052
8257,2028052
8357,2028052
18785,2028050
18785,2028052
340453,2028051
19163,2028050
334479,2028050
6946,2028052
17766,2028052
17743,2028051
2532,2028050
2532,2028051
297276,2028050
4407,2028050
4407,2028051
4407,2028052
8735,2028052
19641,2028050
19641,2028051
339975,2028051
2784,2028051
7942,2028052
376457,2028050
343802,2028050
8483,2028052
19303,2028050
4304,2028051
3285,2028050
3285,2028051
4281,2028050
4281,2028051
8217,2028052
307217,2028051
7982,2028052
7464,2028052
4430,2028051
8758,2028052
19037,2028050
52579,2028052
376434,2028050
2658,2028050
2658,2028051
8460,2028052
293120,2028052
3769,2028052
3769,2028052
8183,2028052
2226,2028051
8283,2028050
8283,2028052
342417,2028051
7891,2028052
291285,2028050
7699,2028050
7699,2028052
7991,2028052
303084,2028052
313953,2028050
22707,2028051
52445,2028051
320571,2028050
2810,2028052
2641,2028050
2641,2028051
4805,2028050
8475,2028052
330289,2028099
1857,2028051
376400,2028050
2710,2028051
7430,27043
7430,2028052
4582,2028050
4582,2028052
306001,2028050
310000,2028052
311574,2028050
8114,2028052
8014,2028052
7330,2028052
7722,2028052
18001,2028051
366207,2028052
18854,2028050
377545,2028052
384707,2028052
4290,2028051
7616,2028052
7639,2028050
7639,2028052
4413,2028051
7808,2028050
7808,2028052
349350,2028051
2770,2028051
4098,2028052
52545,2028052
327432,2028051
327432,2028052
4307,2028051
8635,2028052
2335,2028050
2335,2028052
4499,2028051
289605,2028050
7599,2028052
8266,2028050
8266,2028052
7247,2028052
8074,2028052
8552,2028052
8031,2028052
8744,2028052
267879,2028050
8223,2028052
8658,2028052
376383,2028050
2750,2028051
7164,2028052
4224,2028051
19212,2028050
7705,2028052
7782,2028052
7805,2028052
7490,2028052
8323,2028052
1940,2028050
1940,2028051
1940,2028052
1940,2028099
7264,2028052
4347,2028051
4347,2028052
328955,2028050
9451,2028051
330601,2028050
23039,2028052
4496,2028051
8243,2028052
8761,2028052
7908,2028052
8449,2028050
8449,2028052
52488,2028052
8910,2028051
8661,2028050
8661,2028052
326814,2028050
308663,2028052
18877,2028050
52505,2028052
7516,2028052
288686,2028052
291265,2028050
291265,2028051
15528,2028050
268497,2028050
7656,2028052
8535,2028052
300628,2028052
16799,27022
4599,2028050
15419,2028050
8927,2028050
9428,2028051
3454,2028051
3454,2028052
288812,2028050
19315,2028050
7390,2028052
7931,2028052
8260,2028052
4622,2028050
281567,2028051
4473,2028051
8409,2028052
19229,2028050
52528,2028052
8017,2028052
8558,2028052
1708,2028050
1708,2028051
1708,2028052
4625,2028050
8870,2028052
7496,2028052
4556,2028050
7204,2028052
8532,2028052
7596,2028052
52548,2028052
285417,2028052
8724,2028052
8970,2028050
325019,2028052
293538,2028050
376466,2028050
7934,2028052
8432,2028052
7742,2028052
19816,2028050
324481,2028050
7765,2028052
376443,2028050
272851,2028052
2667,2028050
2667,2028051
2667,2028052
2767,2028051
270501,2028050
270501,2028052
8057,2028052
7865,2028052
7473,2028052
7573,2028050
7573,2028052
7181,2028052
19624,2028050
293615,2028050
376549,2028050
2561,2028052
19541,2028050
376526,2028050
8157,2028052
8349,2028052
8034,2028052
8426,2028052
4396,2028050
4396,2028051
7948,2028052
2684,2028051
8140,2028050
8140,2028052
19255,2028050
5040,2028052
9285,2028051
7556,2028052
7533,2028052
21897,2028052
2644,2028051
4287,2028051
8117,2028052
310034,2028051
7725,2028052
8701,2028052
4479,2028052
8509,2028052
2727,2028051
8492,2028050
8492,2028052
52531,2028052
15462,2028050
371305,2028050
7682,2028052
52462,2028052
4416,2028051
282191,2028099
7513,2028052
2627,2028051
2627,2028052
8200,2028052
19312,2028050
22455,2028052
1748,2028050
1748,2028051
1748,2028052
8953,2028051
18771,2028050
344830,2028050
7387,2028052
8100,2028052
4539,2028050
8618,2028052
8641,2028052
7669,2028052
376539,2028050
288799,2028052
7377,2028052
7921,2028052
370857,2028052
5027,2028050
5027,2028052
5196,2028052
7729,2028052
2256,2028051
8422,2028052
3484,2028050
18263,2028050
18263,2028051
15515,2028050
325507,2028050
7752,2028052
19259,2028050
7944,2028052
267574,2028052
331756,2028050
331756,2028052
378036,2028050
3072,2028052
18890,2028050
269177,2028050
4420,2028051
22093,2028050
19368,2028050
4612,2028050
52475,2028052
4569,2028050
4569,2028051
8505,2028052
317169,2028050
300598,2028050
375746,2028052
8313,2028052
18592,2028050
15558,2028050
13520,2028051
52435,2028052
7586,2028052
280126,2028050
294189,2028050
52166,2028052
7360,2028052
7901,2028052
52558,2028052
2339,2028051
8588,2028052
2631,2028050
2631,2028051
2631,2028052
8880,2028051
330279,2028050
330279,2028051
329692,2028051
375577,2028050
8857,2028051
18867,2028050
8714,2028052
4592,2028050
280541,2028050
4443,2028051
7812,2028052
8104,2028052
8645,2028052
2757,2028051
4025,2028051
8353,2028052
19677,2028050
8957,2028051
19285,2028050
6942,2028052
8565,2028052
301826,2028050
8253,2028052
17739,2028051
19660,2028050
349632,2028050
348753,2028050
348753,2028052
329426,2028050
7712,2028052
3776,2028052
7735,2028052
9232,2028099
339831,2028050
4300,2028051
7938,2028050
7938,2028052
307700,2028050
8339,2028050
8339,2028052
2780,2028051
4403,2028051
4403,2028052
2239,27022
8731,2028052
19551,2028050
2740,2028051
298205,2028051
7460,2028052
307551,2028050
8127,2028052
7194,2028052
4191,2028050
18884,2028050
4426,2028051
10918,2028188
8754,2028050
8754,2028052
4277,2028051
2654,2028051
8605,2028052
292340,2028050
8213,2028050
8213,2028052
19033,2028050
306798,2028050
19182,2028050
275271,2028159
281763,2028050
8110,2028052
2422,2028051
341285,2028050
341285,2028051
8187,2028052
274401,2028050
2637,2028051
267723,2028052
26587,2028052
19302,2028050
7795,2028052
19010,2028050
1861,2028051
2714,2028051
376396,2028050
2737,2028051
4778,2028052
1930,2028050
1930,2028052
1930,2028099
8671,2028052
4609,2028050
3006,8790
3006,2028052
7334,2028050
7334,2028052
268284,2028050
376496,2028050
8210,2028052
7918,2028052
7818,2028050
7818,2028051
7818,2028052
301975,2028052
7526,2028052
326469,2028051
7234,2028052
7211,2028052
4718,2028051
369128,2028050
7443,2028052
8771,2028052
8963,2028050
321932,2028099
7251,2028052
281102,2028050
4503,2028051
18910,2028050
18910,2028052
1947,2028050
1947,2028051
1947,2028052
8439,2028050
8439,2028052
3467,2028099
8631,2028052
7403,2028052
19846,2028050
376413,2028050
8027,2028052
52518,2028052
9046,2028050
7835,2028052
5279,2028052
376373,2028050
376436,2028050
7878,2028052
8270,2028052
8356,2028050
8356,2028052
330545,2028050
52432,2028052
8462,2028050
8462,2028052
4526,2028050
4838,2028050
4838,2028052
8419,2028052
329569,2028050
8396,2028052
16199,2028051
2823,2028051
376456,2028050
4343,2028051
4320,2028051
8937,2028051
19634,2028050
19634,2028052
7709,2028052
18801,2028050
279439,2028052
291464,2028050
7168,2028052
1844,2028050
1844,2028052
18824,2028050
18824,2028051
18824,2028052
2531,2028050
19216,2028050
8296,2028052
8688,2028052
13643,2028052
8004,2028052
4400,2028051
3733,2028050
3733,2028051
3733,2028052
8147,2028052
19508,2028050
19508,2028052
8837,2028052
6650,2028052
6650,2028099
279516,2028050
2720,2028051
8545,2028052
8522,2028052
52515,2028052
7191,2028052
13620,2028052
268407,2028050
7543,2028050
7543,2028052
4509,2028050
8130,2028052
7503,2028052
271802,2028051
271802,2028052
7652,2028052
3716,2028051
7174,2028052
8170,2028052
4234,2028051
17845,2028052
19076,2028050
323157,2028050
8648,2028052
318955,2028052
2697,2028051
8021,2028050
8021,2028052
4383,2028051
7629,2028052
8319,2028050
8319,2028052
273691,2028050
22926,2028052
282347,2028050
369652,2028052
7469,2028052
17456,2028050
17456,2028051
7592,2028052
7492,2028052
8966,2028050
18876,2028050
7784,2028052
8989,2028052
296551,2028188
366183,2028052
2763,2028051
8528,2028050
8528,2028052
7930,2028052
8428,2028052
12650,2028050
12650,2028051
375586,2028050
384076,2028099
8053,2028052
8720,2028052
8030,2028052
7761,2028052
8222,2028050
8222,2028052
19620,2028050
2663,2028050
2663,2028051
7177,2028052
376439,2028050
307291,2028050
2557,2028051
13626,2028052
278420,2028188
2680,2028051
326083,2028051
297364,2028050
52507,2028052
8345,2028051
8345,2028052
371281,2028050
376522,2028050
376545,2028050
22368,2028050
22368,2028051
8153,2028052
280401,2028050
2640,2028051
15707,2028051
15707,2028052
4996,2028052
1813,2028051
9450,2028052
351805,2028050
7678,2028052
4369,2028050
4369,2028051
8697,2028052
3977,2028051
3977,2028052
1727,2028051
21893,2028051
4283,2028051
8113,2028052
19289,2028050
4831,2028050
4831,2028052
4831,2028099
8741,2028052
8718,2028050
8718,2028052
270979,2028052
338965,2028159
3537,2028052
22103,2028050
7825,2028052
8844,2028052
19664,2028050
8326,2028052
376426,2028050
4390,2028050
4390,2028051
310644,2028050
7739,2028052
7347,2028052
8343,2028052
7848,2028052
8240,2028052
5206,2028052
7198,2028052
290807,2028050
7221,2028052
2501,2028051
18794,2028050
8452,2028050
8452,2028052
19272,2028050
329579,2028050
8366,2028052
52571,2028052
5057,2028052
2415,2028052
7974,2028052
2633,2028051
8206,2028052
2610,2028051
19590,2028050
274812,2028050
18262,2028051
18262,2028052
266322,2028050
341404,2028050
8375,2028052
369983,2028052
8352,2028052
8544,2028052
338848,2028051
2733,2028050
2733,2028051
8083,2028052
19298,2028050
15468,2028050
7791,2028052
304135,2028050
366007,2028052
7814,2028052
376492,2028050
377697,2028052
7983,2028050
7983,2028052
8667,2028052
52537,2028052
275625,2028052
8767,2028052
293750,2028050
8959,2028051
384215,2028050
8106,2028052
7914,2028052
7622,2028052
376392,2028050
7522,2028051
7522,2028052
322635,2028050
313730,2028052
279578,2028050
305048,2028050
7399,2028052
280929,2028050
340428,2028052
7831,2028050
7831,2028052
17741,2028052
17718,2028052
8627,2028052
7608,2028052
8000,2028052
4605,2028050
7207,2028052
343760,2028050
322512,2028051
376409,2028050
3025,2028051
8435,2028052
309525,2028050
2550,2028051
7270,2028050
7270,2028052
330149,2028099
5275,2028052
9042,2028050
8415,2028052
8023,2028052
18929,2028050
8458,2028050
8458,2028052
4522,2028050
8850,2028052
8066,2028052
8607,2028052
7874,2028052
10104,2028050
10104,2028052
269548,2028052
7187,2028052
13616,2028052
4362,2028051
13639,2028052
376452,2028050
4339,2028051
4339,2028052
4608,2028050
8392,27044
8392,2028052
8292,2028052
8143,2028050
8143,2028052
8684,2028052
9663,2028052
7648,2028052
292396,2028050
333541,2028050
333541,2028052
280345,2028052
280345,2028099
4631,2028050
293564,2028050
339641,2028050
19630,2028050
14306,2028050
318307,2028052
8753,2028052
8040,2028052
320723,2028052
4505,2028051
8919,2028050
271798,2028050
8919,2028051
7900,2028052
8441,2028052
7539,2028052
4983,2028051
8518,2028052
269382,2028050
326196,2028050
330524,2028050
52497,2028052
368589,2028050
7499,2028052
342967,2028050
22255,2028050
270175,2028052
4591,2028050
3360,2028050
7170,2028052
8644,2028052
7774,2028052
319970,2028050
2215,2028051
4379,2028051
8315,2028052
1674,2028051
8166,2028052
18986,2028050
365861,2028050
3689,2028050
2066,2028052
4230,2028051
300969,2028051
7565,2028050
7565,2028052
4840,8790
1923,2028050
1923,2028051
1923,2028052
7688,2028052
18803,2028050
7588,2028050
7588,2028052
284112,2028050
306734,2028050
4548,2028050
376366,2028050
7396,2028052
4356,2028051
331168,2028159
7957,2028052
19387,2028050
8126,2028052
8624,2028052
279000,2028052
8149,2028052
8524,2028052
17844,2028050
17844,2028051
274394,2028050
7857,2028052
340325,2028052
343342,2028050
7665,2028052
313083,2028050
7373,2028052
273249,2028050
273249,2028051
13622,2028052
376143,2028188
2653,2028050
2653,2028051
376435,2028050
324550,2028050
324281,2028050
8418,2028052
284842,2028050
2275,2028050
2275,2028051
2275,2028052
8226,2028050
8226,2028052
7940,2028050
7940,2028052
8332,2028052
376518,2028050
326448,2028050
15471,2028050
365589,2028050
7748,2028052
314248,2028050
2484,2028051
19364,2028050
4565,2028050
8501,2028052
9168,2028051
5232,2028052
5232,2028099
7482,2028052
19839,2028050
52471,2028052
7290,27022
19278,2028050
265429,2028052
1817,2028051
8309,2028052
7917,2028052
279452,2028052
281616,2028050
4279,2028051
19281,2028050
7897,2028052
52554,2028052
285200,2028050
293498,2028050
13539,2028052
17861,2028051
25733,2028052
4439,2028051
8876,2028051
7997,2028052
7605,2028052
320388,2028050
7456,2028052
18863,2028050
7356,2028052
18471,2028050
18471,2028051
8584,2028052
8335,2028052
19304,2028050
327132,2028050
294603,2028052
306176,2028051
285592,2028050
333876,2028050
4588,2028050
4382,2028051
8710,2028052
19381,2028050
22713,2028051
7379,2028050
7379,2028052
52580,2028052
7479,2028052
2753,2028051
19822,2028050
7230,2028050
7230,2028051
7230,2028052
7708,2028052
16198,2028051
1780,2028051
2776,2028051
7731,2028050
7731,2028052
8727,2028052
8750,2028052
8232,2028052
4296,2028050
4296,2028051
4296,2028052
7213,2028052
10788,2028050
4313,2028051
7190,2028052
8249,2028052
19069,2028050
376449,2028050
19547,2028050
278599,2028050
279478,2028050
3363,2028050
3363,2028052
2736,2028051
5292,2028050
5292,2028051
5292,2028052
327776,2028052
311145,2028050
2384,2028050
2384,2028052
4399,2028051
4399,2028052
4422,2028051
8836,2028052
9354,2028050
325094,2028050
7582,2028050
7582,2028052
2650,2028051
4273,2028051
8601,2028052
1717,2028052
8209,2028052
8358,2028052
4222,2028051
8467,2028052
8490,2028052
15560,2028050
4391,2028051
8298,27044
8298,2028050
8298,2028052
52437,2028052
290556,2028099
8275,2028052
19513,2028050
266683,2028050
7262,2028052
269139,2028050
8736,2028052
2725,2028051
8636,2028052
23827,2028052
288867,2028052
2533,2028051
287639,2028099
300082,2028050
339684,2028050
3286,2028050
3286,2028052
7508,2028052
310845,2028051
327825,2028050
5158,2028050
8859,2028050
8859,2028051
18769,2028050
7883,2028052
18869,2028050
8006,2028052
8175,2028050
8175,2028052
7906,2028050
7906,2028052
7714,2028052
8567,2028052
365017,2028052
8759,2028052
2702,2028051
320663,2028052
305664,2028050
1849,2028050
1849,2028051
1849,2028052
7591,2028052
326680,2028052
332631,2028052
8842,2028052
7783,2028052
376401,2028050
4405,2028051
309285,2028050
7800,2028052
8192,2028052
4597,2028050
273132,2028051
311097,2028050
19599,2028050
13648,2028052
8384,2028052
8407,2028050
8407,2028052
342910,2028050
300935,2028050
2785,2028050
2785,2028051
2719,2028051
19290,2028050
4491,2028050
4491,2028051
6655,2028052
2742,2028051
7631,2028052
7239,2028050
7239,2028052
327264,2028051
8258,2028052
306016,2028050
4322,2028051
8650,2028052
279358,2028052
8215,2028052
1872,2028050
1872,2028051
7823,2028052
348990,2028050
367533,2028050
367533,2028052
291844,2028050
8776,2028050
8776,2028052
366849,2028052
19496,2028050
7548,2028050
7548,2028052
7797,2028052
278007,2028050
8235,2028050
8235,2028052
19596,2028050
13608,2028052
8676,2028052
7256,2028052
8089,2028052
7697,2028050
7697,2028052
275631,2028051
310513,2028052
3970,2028051
8032,2028052
284851,2028050
296212,2028050
2224,2028051
291157,2028052
4239,2028051
376541,2028050
4474,2028051
9045,2028050
9045,2028051
316043,2028050
17850,2028050
17850,2028051
17850,2028052
20014,2028050
7179,2028052
4574,2028050
4574,2028051
19181,2028050
376501,2028050
7923,2028052
7491,2028052
8424,2028052
376524,2028050
4488,2028050
4488,2028051
285667,2028050
4348,2028051
1949,2028051
19307,2028050
19848,2028050
376415,2028050
8550,2028052
4614,2028050
2599,2028050
2599,2028052
3595,2028051
2576,2028050
2576,2028052
7531,2028052
8527,2028052
52520,2028052
376375,2028050
7382,2028052
19370,2028050
10714,2028050
8401,2028052
8009,2028050
8009,2028052
7780,2028052
3512,22158
3512,2028052
33227,2028051
7657,2028052
17475,2028050
7757,2028052
18872,2028050
332196,2028051
7949,2028052
21720,2028052
19456,2028050
376458,2028050
8218,2028052
8716,2028052
8241,2028052
7173,2028052
8049,2028052
327782,2028050
8026,2028052
337646,2028050
337646,2028051
5201,2028050
5201,2028051
5201,2028052
6652,2028050
6652,2028052
3635,2028051
7465,2028050
7465,2028052
19287,2028050
8318,2028052
4717,2028051
2659,2028050
2659,2028051
268037,2028050
322186,2028050
8510,2028052
21245,27022
4388,2028051
370241,2028052
7282,2028050
8610,2028052
279484,2028050
8109,2028052
8132,2028052
297984,2028050
4196,2028050
4196,2028051
19639,2028050
52463,2028052
19831,2028050
295940,2028050
3037,2028050
4365,2028051
8324,2028052
8733,2028052
8341,2028052
2636,2028051
8925,2028051
340311,2028050
18812,2028050
4448,2028051
19055,2028050
19247,2028050
290782,2028050
19556,2028050
2476,2028050
2476,2028051
4640,2028050
278923,2028050
7196,2028050
7196,2028052
8693,2028052
2307,2028052
339750,2028051
339750,2028052
7866,2028052
7674,2028052
2115,2028050
2115,2028051
7471,2028052
7448,2028052
4531,2028050
10814,2028052
2393,2028050
2393,2028051
2393,2028052
285979,2028050
8427,2028050
8427,2028052
52546,2028052
7989,2028052
313261,2028050
367118,2028050
8484,2028052
370215,2028052
4282,2028051
7840,2028052
323746,2028050
376441,2028050
277197,2028050
4431,2028051
4431,2028052
19665,2028050
25679,2028050
8945,2028051
19373,2028050
8633,2028052
7614,2028050
7614,2028052
321934,2028050
384682,2028050
19539,2028050
303148,2028051
1663,2028050
1663,2028051
368798,2028050
283397,2028052
2141,2028052
5284,2028050
15563,2028050
310009,2028050
1889,2028050
8092,2028052
18912,2028050
311867,2028050
376418,2028050
2642,2028051
8719,2028052
8593,2028052
7339,2028052
22095,2028050
52563,2028052
7880,2028052
4571,2028050
376544,2028050
7966,2028052
1866,2028051
7817,2028052
8507,2028050
8507,2028052
7574,2028052
8115,2028052
22722,2028052
4475,2028051
7721,2028052
60496,2028052
18498,2028051
4412,2028051
273766,2028050
273766,2028052
376548,2028050
4512,2028050
293053,2028050
2723,2028051
2723,2028052
334616,2028050
19016,2028050
293494,2028050
7452,2028052
7993,2028052
17419,2028052
6699,2028050
6699,2028052
7744,2028050
7744,2028052
311533,2028050
12464,27043
12464,27044
12464,2028050
8737,2028052
4017,2028050
4017,2028051
376445,2028050
311015,2028050
1979,2028051
365015,2028051
365015,2028052
4535,2028050
7383,2028050
7383,2028052
4286,2028051
8614,2028052
370196,2028099
378360,2028050
19377,2028050
52527,2028052
273992,2028052
274533,2028050
21581,2028052
4386,2028051
2749,2028051
15584,2028050
8322,2028052
8236,2028052
320896,2028050
4309,2028050
4309,2028051
8637,2028052
8096,2028052
15567,2028050
8597,2028052
324079,27022
7343,2028051
7343,2028052
52567,2028052
376422,2028050
7217,2028052
19268,2028050
20021,2028051
322542,2028052
306704,2028050
8511,2028052
7970,2028052
8362,2028052
8179,2028050
8179,2028052
8279,2028050
8279,2028052
369887,2028052
8302,2028052
8471,2028052
19709,2028050
8448,2028052
272037,2028052
283106,2028050
15564,2028050
339880,2028050
7987,2028052
13752,2028050
4303,2028050
4303,2028051
366578,2028052
8763,2028052
7910,2028052
7695,2028052
7718,2028052
7887,2028052
1953,2028051
329601,2028050
8571,2028052
319522,2028050
8010,2028052
8863,2028051
2222,2028050
2222,2028051
2222,2028052
25620,2028050
7618,2028052
15541,2028050
2706,2028051
4870,2028050
4601,2028050
8846,2028052
275237,2028051
7804,2028052
19042,2028050
4409,2028050
4409,2028052
7827,2028052
294138,2028050
312446,2028050
1853,2028050
1853,2028051
7635,2028052
7612,2028050
7612,2028052
299210,2028050
7595,2028052
7203,2028052
2331,2028050
2331,2028051
2331,2028052
322316,2028050
3075,2028050
3075,2028052
8740,2028050
8740,2028052
370846,2028052
8219,2028052
8548,2028052
7243,2028052
60539,2028052
2746,2028051
8070,2028052
294988,2028050
4326,2028050
8654,2028052
10818,2028050
10818,2028052
8680,2028052
7801,2028052
7778,2028052
22102,2028050
376379,2028050
7701,2028052
5245,2028050
7260,2028052
7160,2028052
7552,2028052
8388,2028052
19208,2028050
8239,2028052
8780,2028052
8929,2028050
313740,2028050
336362,2028050
298280,2028050
4492,2028051
12089,2028050
271685,2028051
19626,2028050
7575,2028051
7575,2028052
8657,2028052
10821,2028052
20018,2028051
8514,2028050
8514,2028052
4578,2028050
19374,2028050
19852,2028050
52484,2028052
284769,2028159
376528,2028050
8445,2028052
329140,2028050
18873,2028050
7512,2028052
8923,2028051
8923,2028052
10844,2028050
7904,2028052
8531,2028052
303916,2028050
19311,2028050
366226,2028050
340415,2028050
4352,2028051
7386,2028052
19460,2028050
8405,2028052
305061,2028050
305061,2028051
7927,2028052
301188,2028050
350717,2028050
7535,2028052
52524,2028052
8554,2028052
4618,2028050
8946,2028051
7684,2028052
19068,2028050
17740,2028051
7876,2028052
9081,2028050
376431,2028050
3608,2028052
7853,2028052
282657,2028052
7561,2028052
326627,2028050
7661,2028052
18899,2028050
19360,2028050
19260,2028050
275395,2028052
327088,2028050
23044,2028052
7269,2028052
8145,2028052
321469,2028050
8122,2028050
8122,2028051
8122,2028052
7953,2028052
7169,2028052
8620,2028052
52490,2028052
325030,2028050
325030,2028052
8520,2028052
376531,2028050
8414,2028052
6648,2028050
6648,2028052
19383,2028050
328047,2028050
13618,2028052
284277,2028050
284277,2028052
6940,2028052
19675,2028050
338618,2028050
2755,2028051
52576,2028052
8537,2028052
342777,2028050
15507,2028050
8328,2028052
4169,2028050
4169,2028052
4252,2028050
4252,2028051
297473,2028099
8729,2028052
2632,2028051
7501,2028052
19008,2028050
20027,2028051
376514,2028050
2480,2028051
2503,2028052
317745,2028050
2672,2028051
4561,2028050
7392,2028050
7392,2028052
8497,2028052
4275,2028051
8105,2028052
376448,2028050
7584,2028052
18882,2028050
18882,2028052
7913,2028052
19274,2028050
268342,2028052
3691,2028050
267005,2028051
7478,2028052
7870,2028052
7352,2028052
2420,2028052
7375,2028052
32204,2028052
288631,2028050
321678,2028050
8580,2028052
31843,2028188
19300,2028050
306321,2028050
8331,2028052
52550,2028052
305442,2028050
4504,2028051
4066,2028050
356451,2028050
22709,2028051
272504,2028050
275037,2028052
2271,2028051
1879,27020
1879,2028051
4584,2028050
7226,2028050
7226,2028052
7226,2028099
8849,2028052
19669,2028050
19818,2028050
19277,2028050
313832,2028050
7475,2028052
4378,2028051
18985,2028050
8706,2028052
4269,2028051
7186,2028052
7209,2028052
8205,2028052
2231,2028051
2772,2028050
2772,2028051
7687,2028052
13592,2028052
1736,2028052
1736,2028099
8228,2028052
333786,2028050
4292,2028051
8723,2028050
8723,2028052
276431,2028050
320550,2028050
7704,2028051
7704,2028052
8245,2028052
344151,2028050
2732,2028051
344692,2028050
344692,2028052
370855,2028052
1862,2028051
7601,2028050
7601,2028052
7578,2028052
4567,2028050
8480,2028052
330437,2028050
2646,2028051
8354,2028052
4418,2028051
8746,2028052
7727,2028052
7335,2028050
7335,2028052
1776,2028050
1776,2028052
1776,2028099
52473,2028052
8119,2028052
339846,2028050
8371,2028052
8563,2028052
8394,2028052
4126,2028050
4126,2028051
4126,2028052
8540,2028050
8540,2028051
8540,2028052
323092,2028050
7166,2028052
4318,2028051
7143,2028050
7143,2028052
8202,2028052
324612,2028050
4395,2028051
4395,2028052
8640,2028050
8640,2028052
349023,2028050
2629,2028050
2629,2028051
2729,2028050
2729,2028051
5231,2028099
368167,2028050
8102,2028052
7787,2028052
7979,2028052
7810,2028052
8079,2028052
8271,2028052
284718,2028050
21882,27680
8663,2028052
18942,2028050
287068,2028052
2506,2028051
376488,2028050
376388,2028050
7518,2028050
7518,2028052
19234,2028050
376405,2028050
271207,2028050
376428,2028050
272604,2028050
283842,2028050
7710,2028052
9038,2028052
272627,2028050
8188,2028050
8188,2028052
288465,2028050
288465,2028052
328021,2028050
328021,2028052
7395,2028052
28016,2028050
7604,2028050
7604,2028052
337908,2028052
7996,2028051
7996,2028052
2237,2028050
2237,2028051
2237,2028052
7435,2028052
8431,2028052
2715,2028051
7458,2028052
8454,2028052
7266,2028052
278970,2028050
8623,2028052
8646,2028052
22712,2028051
326876,2028050
19317,2028050
8603,2028052
8019,2028052
7627,2028050
7627,2028052
323324,2028050
5314,2028050
5314,2028051
8411,2028052
18072,2028051
8062,2028052
4358,2028050
4358,2028051
4358,2028052
7252,2028052
7644,2028051
7644,2028052
4604,2028050
8185,2028052
7793,2028052
279328,2028052
4209,2028051
267114,2028050
7936,2028052
338140,2028050
338140,2028051
25583,2028050
9041,2028050
22025,2028050
367981,2028050
4335,2028051
4335,2028052
7183,2028052
4776,2028052
4627,2028050
369996,2028052
19257,2028050
282614,2028052
7495,2028052
315764,2028050
4461,27022
327486,2028050
8397,2028052
8437,2028050
8437,2028052
8036,2028052
375870,2028050
7896,2028052
299494,2028050
8288,27047
8288,2028050
8288,2028052
4375,2028051
52493,2028052
349455,2028052
2689,2028051
8789,2028052
9330,2028050
19217,2028050
4587,2028050
7770,2028050
7770,2028052
1670,2028050
1670,2028051
1670,2028052
8162,2028052
18982,2028050
7945,2028052
376454,2028050
7753,2028052
5197,2028050
3823,2028050
3823,2028052
3800,2028052
376523,2028050
322497,2028052
8045,2028052
301272,2028052
7653,2028052
8237,2028052
19552,2028050
317001,2028052
308050,2028050
7361,2028052
312295,2028050
266453,2028050
268225,2028099
52476,2028052
290718,2028052
369653,2028052
305325,2028052
4384,2028051
52582,2028052
8712,2028052
4284,2028051
8606,2028052
8612,2028052
19183,2028050
349487,2028052
8506,2028050
8506,2028052
19283,2028050
6740,2028052
8314,2028052
171643,2028052
8214,2028052
4553,2028050
15891,2028052
327386,2028051
19827,2028050
306138,2028050
4361,2028050
4361,2028051
4361,2028052
8297,2028052
52499,2028052
4052,2028052
8921,2028051
294027,2028051
8529,2028050
8529,2028052
2386,2028051
8337,2028052
7862,2028052
331004,2028050
1719,2028052
384077,2028099
9548,2028051
15499,2028050
2695,2028051
2695,2028052
4444,2028050
4444,2028051
8689,2028052
19243,2028050
369736,2028050
7192,2028052
19074,2028050
7384,2028052
7776,2028052
7670,2028052
277382,2028051
8277,2028052
8941,2028051
19684,2028050
8254,2028052
18782,2028050
319540,2028052
317525,2028188
7467,2028052
7736,2028052
339955,2028050
7759,2028052
8423,2028050
8423,2028051
8423,2028052
8964,2028050
32227,2028050
2781,2028051
270323,2028050
7985,2028052
4450,2028051
288136,2028050
365886,2028052
4301,2028051
279331,2028050
279331,2028052
3909,2028050
376414,2028050
4550,2028050
294127,2028050
351067,2028050
273114,2028051
303496,2028050
5280,2028052
7836,2028052
7218,2028052
8128,2028052
4762,2028050
4762,2028052
19369,2028050
4278,27044
4278,2028051
4527,2028050
4527,2028052
4427,2028050
4427,2028051
2263,2028050
376437,2028050
8111,2028052
271491,2028051
321412,2028050
367821,2028050
15559,2028050
375670,2028052
9130,2028051
7610,2028050
7610,2028052
307990,2028050
52559,2028052
18908,2028050
4653,2028050
2638,2028050
2638,2028051
7593,2028052
307950,2028050
8629,2028050
8629,2028052
19057,2028050
7696,2028050
7696,2028052
22091,2028050
2764,2028051
8715,2028050
8715,2028051
8715,2028052
7484,2028052
19386,2028050
4802,2028051
4802,2028052
8503,2028052
18868,2028050
289055,2028051
306931,2028050
6943,2028052
7570,2028052
7962,2028051
7962,2028052
20013,2028050
376540,2028050
4387,2028051
4387,2028052
7258,2028052
7235,2028052
22718,2028052
52433,2028052
365757,2028052
4510,2028050
323453,2028050
1662,2028051
4241,2028051
344701,2028050
7358,2028052
18765,27022
18765,2028052
2721,2028050
2721,2028051
324973,2028050
8294,2028052
308929,2028051
8486,2028050
8486,2028052
8732,2028052
7550,2028052
348969,2028050
8194,2028052
312530,2028052
1885,2028051
9047,2028050
18865,2028050
8171,2028052
376872,2028050
8002,2028050
8002,2028052
7879,2028052
8071,2028052
19226,2028050
322723,2028050
343934,2028052
8363,2028052
371376,2028050
8463,2028052
19326,2028050
19034,2028050
8755,2028052
7779,2028052
14895,2028051
2154,2028052
16392,2028051
7587,2028050
7587,2028052
19595,2028050
7902,2028052
7988,2028052
13644,2028052
3966,2028051
4593,2028050
318372,2028050
318372,2028051
327177,2028050
358120,2028050
292902,2028050
52565,2028052
3926,2028050
3926,2028052
18533,2028052
52542,2028052
2738,2028051
8838,2028052
376397,2028050
6651,2028052
7341,2028052
1868,2028051
8211,2028052
8403,2028052
1676,2028099
7819,2028050
7819,2028051
7819,2028052
15542,2028050
4719,2028050
4719,2028051
7567,2028052
7544,2028050
7544,2028052
8085,2028052
8446,2028052
8772,2028052
370380,2028052
9133,2028052
308010,2028050
8154,2028052
327243,2028050
1702,2028050
1702,2028052
15516,2028050
330678,2028050
2681,2028051
8028,2028052
376537,2028050
4235,2028051
7175,2028052
2220,2028051
264581,2028050
7510,2028052
7487,2028052
287011,2028050
314236,2028051
17915,2028051
20010,2028050
20010,2028051
4570,2028050
8320,2028052
8898,2028050
2612,2028051
351814,2028052
8420,2028052
343347,2028050
344844,2028050
4367,2028051
4344,2028051
18825,2028050
19844,2028052
295401,2028050
376520,2028050
363536,2028051
301910,2028051
7401,2028050
7401,2028052
4845,2028051
4845,2028052
5277,2028052
376371,2028050
4610,2028050
8695,2028052
21264,2028052
8672,2028052
3826,2028050
3826,2028052
4736,2028050
4736,2028051
52516,2028052
8005,2028052
8546,2028050
8546,2028052
19366,2028050
287412,2028050
7527,2028052
7676,2028052
13627,2028050
13627,2028052
7378,2028052
7919,2028052
6617,2028052
19375,2028050
8160,2028052
376546,2028050
3623,2028052
293243,2028050
8329,2028052
2687,2028050
2687,2028051
327372,2028050
8037,2028052
8137,2028050
8137,2028052
7553,2028052
8598,2028052
3500,2028050
8406,2028052
7224,2028052
52568,2028052
316280,2028159
318344,2028099
3331,2028050
3331,2028052
274866,2028051
376423,2028050
284922,2028159
8698,2028052
267312,2028050
8306,2028052
348889,2028052
18791,2028050
4576,2028050
18983,2028050
18983,2028051
4476,2028050
4476,2028051
52482,2028052
7161,2028052
7493,2028052
8489,2028050
8489,2028052
337797,2028050
7470,2028052
1711,2028050
1711,2028052
1711,2028188
7662,2028052
8890,2028051
293303,2028050
300880,2028050
8721,2028052
4353,2028051
8681,2028052
273721,2028050
4851,2028052
8097,2028050
8097,2028052
278527,2028052
368431,2028052
366267,2028050
8054,2028052
2272,2028050
2272,2028051
2272,2028052
2664,2028051
3683,2028052
7184,2028052
7576,2028050
7576,2028052
7968,2028052
4270,2028051
17715,2028051
7828,2028050
7828,2028052
19066,2028050
2773,2028051
376406,2028050
8369,2028050
8369,2028052
305377,2028050
8346,2028052
17646,2028051
4393,2028051
8887,2028051
8246,2028052
9325,27022
8638,2028052
2481,2028051
19269,2028050
7885,2028052
286751,2028050
7579,2028052
8220,2028052
7344,2028052
368849,2028050
333661,2028050
4370,2028051
2747,2028050
2747,2028051
294262,2028052
4035,2028052
1871,2028051
8120,2028052
18940,2028050
2020,7096
8512,2028052
5077,2028050
5077,2028188
8495,2028052
18900,2028050
8472,2028052
15505,2028050
7453,2028052
2724,2028051
7201,2028050
7201,2028052
5186,2028051
5186,2028052
8973,2028050
279380,2028188
7994,2028052
52551,2028052
2787,2028050
2787,2028051
281653,2028050
7719,2028052
7954,2028050
7954,2028052
8197,2028052
290827,2028099
376446,2028050
7241,2028052
52465,2028052
19292,2028050
4536,2028050
7868,2028052
8864,2028051
7178,2028052
5163,2028052
7476,2028052
19378,2028050
4602,2028050
4602,2028052
4410,2028050
4410,2028051
4579,2028050
4433,2028050
4433,2028051
1877,2028051
3182,7096
1685,2028050
1685,2028052
316698,2028159
316698,2028188
8578,2028052
4310,2028051
7642,2028052
7350,2028052
7158,2028052
8386,2028050
8386,2028052
4041,2028051
15525,2028050
15525,2028051
339420,2028050
8555,2028052
8555,2028099
4333,2028051
298590,2028052
7971,2028052
52525,2028052
292433,2028050
8263,2028052
2538,2028051
376503,2028050
8203,2028052
4977,2028052
8180,2028052
9508,2028052
19587,2028050
7702,2028052
8094,2028052
291288,2028050
8286,2028052
4350,2028051
2730,2028051
376420,2028050
7788,2028052
8595,2028052
7619,2028052
8615,2028052
8011,2028052
4871,2028052
8515,2028052
52508,2028052
52485,2028052
15508,2028050
338650,2028050
338650,2028051
7659,2028052
326725,2028052
7636,2028050
7636,2028052
8177,2028052
18874,2028050
18874,2028052
7951,2028052
7559,2028052
322649,2028050
304464,2028052
13650,2028052
19461,2028050
19461,2028052
8077,2028052
7244,2028052
17397,2028051
17397,2028052
4562,2028050
7267,2028052
4619,2028050
7536,2028052
4227,2028050
4227,2028051
376529,2028050
7871,2028052
2163,2028051
4327,2028051
4327,2028052
8412,2028052
2312,2028051
21107,2028051
8704,2028052
19209,2028050
270140,2028050
270140,2028051
7802,2028052
291457,2028050
376380,2028050
330017,2028051
8303,2028052
7785,2028051
7785,2028052
8389,2028052
4250,2028050
4250,2028051
2329,2028051
5246,27022
5246,2028099
1937,2028051
7261,2028052
9322,2028050
9322,2028052
279031,2028050
366084,2028052
2289,2028050
2289,2028051
2289,2028052
8930,2028050
376489,2028050
4493,2028051
7911,2028052
8907,2028051
2478,2028051
7888,2028052
8429,2028052
7370,2028052
7762,2028052
270312,2028050
270312,2028052
291497,2028050
291497,2028052
313040,2028050
8229,2028052
298785,2028050
281828,2028052
8252,2028052
8398,2028052
349817,2028052
2295,2028050
2295,2028051
8129,2028052
7937,2028050
7937,2028052
300136,2028050
2487,2028051
2487,2028052
15514,2028050
325506,2028050
4253,2028051
2779,2028051
4376,2028050
4376,2028051
7293,2028052
20028,2028051
22092,2028050
9165,2028051
376515,2028050
4445,2028051
4445,2028052
8690,2028052
8498,2028051
8498,2028052
23397,2028052
328423,2028050
4276,2028051
18883,2028050
8996,2028099
19075,2028050
271626,2028050
1920,2028051
60689,2028050
375602,2028050
1820,2028051
7376,2028052
3440,2028052
17764,2028050
17764,2028051
315436,2028050
290793,2028159
376455,2028050
7877,2028052
7854,2028052
8913,2028051
7685,2028052
1903,2028051
273713,2028050
273713,2028052
299684,2028050
4545,2028050
7545,2028052
8481,2028052
19842,2028050
7353,2028050
7353,2028052
8289,2028052
4067,2028099
7768,2028052
376538,2028050
4236,2028051
376369,2028050
376824,2028050
376824,2028052
7960,2028052
52491,2028052
4024,2028051
4024,2028052
18823,2028050
8521,2028050
8521,2028052
306345,2028050
6941,2028052
4628,2028050
19819,2028050
19819,2028052
4293,2028050
4293,2028051
4293,2028052
7210,2028050
7210,2028051
7210,2028052
7233,2028052
376429,2028050
7851,2028050
7851,2028052
3798,2028052
1760,2028050
1760,2028051
301347,2028050
4316,2028051
345194,2028050
3280,2028050
3280,2028052
3280,2028099
7751,2028052
52159,2028050
9022,2028050
18909,2028050
370856,2028052
8730,2028052
7459,2028052
19032,2028050
2739,2028051
7436,2028052
7602,2028052
369210,2028052
1863,2028050
1863,2028051
7977,2028052
265910,2028052
8212,2028052
8604,2028052
4419,2028051
7336,2028052
8269,2028052
52574,2028052
52474,2028052
7671,2028052
281370,2028050
18783,2028050
307942,2028050
21817,2028050
8896,2028051
52434,2028052
7585,2028050
7585,2028052
7562,2028052
8378,2028052
4442,2028051
23377,2028052
305944,2028050
7359,2028050
7359,2028052
19261,2028050
2630,2028051
8581,2028052
19009,2028050
8621,2028052
7837,2028050
7837,2028052
311251,2028050
2670,2028050
2670,2028051
8080,2028052
8103,2028052
22710,2028051
279097,2028050
330547,2028050
330547,2028051
8707,2028050
8707,2028052
4528,2028050
19676,2028050
2756,2028051
7542,2028052
10459,2028050
10459,2028052
7519,2028052
7711,2028050
7711,2028052
283843,2028099
8916,2028050
8916,2028051
294022,2028050
8770,2028050
8770,2028051
8770,2028052
7250,2028052
4502,2028051
4402,2028051
3566,2028052
8455,2028052
4233,2028051
5278,2028052
52517,2028052
310564,2028050
330438,2028050
2690,2028051
8647,2028052
306319,2028050
7834,2028052
19318,2028050
19218,2028050
273441,2028050
8747,2028052
8355,2028052
340096,2028050
8163,2028052
4525,2028050
4525,2028052
344026,2028050
8372,2028052
287736,2028050
8063,2028052
8395,2028052
15557,2028050
8086,2028052
296203,2028050
296203,2028051
273172,2028052
9623,2028050
280451,2028050
52557,2028052
2530,2028050
2530,2028052
19301,2028050
7894,2028052
368297,2028052
2052,2028099
4542,2028050
18866,2028050
311108,2028050
8478,2028052
294314,2028050
294314,2028052
1860,2028050
1860,2028051
7811,2028050
7811,2028052
4585,2028050
8003,2028052
8670,2028052
7980,2028052
376389,2028050
7227,2028050
7227,2028051
7227,2028052
376495,2028050
7333,2028052
2613,2028051
293169,2028052
7525,2028052
8538,2028052
52577,2028052
8561,2028052
319183,2028050
15531,2028050
8438,2028052
8043,2028052
341341,2028050
7502,2028052
8830,2028052
19553,2028050
8169,2028052
2696,2028051
15408,2028050
8461,2028052
321347,2028050
7628,2028052
376137,2028050
376386,2028050
8020,2028050
8020,2028052
375745,2028052
1671,2028052
1671,2028099
7920,2028052
7771,2028052
8312,2028052
19132,2028050
7754,2028052
8773,2028052
19633,2028050
271566,2028051
7167,2028052
17595,2028050
8295,2028052
7393,2028050
7393,2028052
313106,2028050
4751,2028052
14246,2028050
4359,2028051
8687,2028050
8687,2028052
13642,2028050
13642,2028052
7645,2028052
8186,2028050
8186,2028052
300866,2028052
7253,2028052
8146,2028052
322867,2028050
6649,2028052
306488,2028099
13619,2028050
13619,2028052
18943,2028050
8272,2028052
8899,2028051
15932,2028099
4336,2028051
8664,2028052
7668,2028052
3732,2028050
3732,2028051
3732,2028052
8060,2028052
271778,2028052
8444,2028052
310407,2028050
15414,2028050
19851,2028050
52483,2028052
310576,2028050
303314,2028050
4368,2028051
8321,2028052
8421,2028052
293527,2028050
18431,2028051
7216,2028052
335777,2028050
335777,2028051
2579,2028051
52560,2028052
4099,2028050
4099,2028052
4345,2028051
8590,2028052
8344,2028052
293696,2028050
5281,2028052
2679,2028050
2679,2028051
321330,2028050
1720,2028052
7385,2028052
19367,2028050
3163,8790
7485,2028052
284353,2028051
7193,2028052
19267,2028050
9357,2028050
9357,2028051
7677,2028052
306846,2028050
7568,2028050
7568,2028052
2304,2028052
2304,2028099
7760,2028050
7760,2028052
8865,2028051
8988,2028052
8046,2028050
8046,2028052
8673,2028052
7345,2028052
1703,2028050
1703,2028051
1703,2028052
1703,2028099
7654,2028050
7654,2028052
19015,2028050
19207,2028050
4451,2028050
4451,2028051
4451,2028052
2287,2028050
2287,2028052
8238,2028052
19353,2028050
8905,2028051
2762,2028050
2762,2028051
2762,2028052
7176,2028052
26429,2028050
8713,2028050
8713,2028052
285681,2028050
308827,2028050
308827,2028052
3432,2028050
8152,2028052
19619,2028050
378310,2028052
345203,2028050
345203,2028052
4428,2028051
2264,2028051
2656,2028050
2656,2028051
286434,2028159
8112,2028052
5195,2028050
5195,2028052
279481,2028052
4385,2028051
274008,2028099
21580,2028052
2639,2028051
318880,2028050
324430,2028051
7594,2028052
4654,2028050
4654,2028052
326683,2028050
8630,2028050
8630,2028052
312136,2028050
7694,2028052
8338,2028050
8338,2028052
9171,2028050
9171,2028051
304015,2028050
19058,2028050
7720,2028052
52566,2028052
8504,2028052
52543,2028052
325097,2028050
376398,2028050
376421,2028050
1955,2028052
7963,2028052
302375,2028050
8653,2028052
8261,2028052
7820,2028052
8361,2028052
3392,2028159
8965,2028050
4411,2028051
7946,2028052
7445,2028052
7468,2028052
295986,2028050
3014,2028050
376547,2028050
330430,2028050
330430,2028052
7986,2028052
18265,2028051
4551,2028050
4551,2028052
8879,2028050
8487,2028050
8487,2028052
328658,2028050
376461,2028050
7554,2028052
15497,2028050
5304,2028050
7319,2028050
306955,2028050
52583,2028052
2662,2028051
4285,2028051
8072,2028052
8464,2028051
8464,2028052
19284,2028050
370095,2028052
376438,2028050
313925,2028050
4886,2028050
7803,2028052
9131,27680
376504,2028050
7634,2028050
7634,2028052
19041,2028050
268744,2028050
268744,2028052
18826,2028050
7734,2028052
7903,2028052
278777,2028050
4594,2028050
8095,2028052
306680,2028050
19310,2028050
339335,2028050
13645,2028052
1746,2028050
1746,2028052
1746,2028099
8739,2028050
8739,2028051
8739,2028052
4494,2028051
8547,2028052
303663,2028052
7342,2028052
7242,2028052
305160,2028050
270264,2028050
7926,2028052
4617,2028050
9300,2028050
9300,2028051
4325,2028051
4425,2028051
4033,2028099
384158,2028051
8278,2028052
344533,2028050
7259,2028052
8255,2028052
4534,2028050
286222,2028050
4342,2028051
4511,2028050
19662,2028050
8447,2028052
338628,2028051
2722,2028051
277841,2028051
2782,2028051
289308,2028050
329056,2028050
4302,2028051
6466,2028050
6466,2028052
10007,2028099
8779,2028050
8779,2028052
4969,2028052
7886,2028052
8172,2028052
8195,2028052
7219,2028052
2221,2028051
8862,2028051
2805,2028051
283082,2028050
283082,2028052
8948,2028050
2699,2028050
2699,2028051
2699,2028052
7717,2028052
19035,2028050
8364,2028052
10920,2028051
8756,2028052
301190,2028050
4554,2028050
1852,2028051
13877,2028050
1952,2028051
8922,2028051
8281,2028052
8381,2028052
7651,2028052
8530,2028052
7402,2028052
7943,2028052
7199,2028052
7863,2028052
15523,2028050
338359,2028050
8696,2028050
8696,2028052
8069,2028052
8012,2028052
271724,2028050
8404,2028050
8404,2028052
8553,2028052
7528,2028050
7528,2028052
4720,2028050
4720,2028051
4743,2028050
7236,2028052
7777,2028052
22533,2028052
8155,2028050
8155,2028052
270430,2028051
314400,2028099
7551,23038
7551,2028052
2682,2028050
2682,2028051
376395,2028050
7511,2028050
7511,2028052
52540,2028052
8570,27043
8570,2028052
24800,2028052
15540,2028050
315654,2028050
315654,2028052
376873,2028050
284668,2028050
19327,2028050
2705,2028051
4328,2028051
8656,2028052
52477,2028052
